orderNumber,orderDate,productLine,country,quantityOrdered,priceEach,sales
10107,"2003-02-24 00:00:00",Motorcycles,USA,30,95.70,2871.00
10121,"2003-05-07 00:00:00",Motorcycles,France,34,81.35,2765.90
10134,"2003-07-01 00:00:00",Motorcycles,France,41,94.74,3884.34
10145,"2003-08-25 00:00:00",Motorcycles,USA,45,83.26,3746.70
10159,"2003-10-10 00:00:00",Motorcycles,USA,49,100.00,5205.27
10168,"2003-10-28 00:00:00",Motorcycles,USA,36,96.66,3479.76
10180,"2003-11-11 00:00:00",Motorcycles,France,29,86.13,2497.77
10188,"2003-11-18 00:00:00",Motorcycles,Norway,48,100.00,5512.32
10201,"2003-12-01 00:00:00",Motorcycles,USA,22,98.57,2168.54
10211,"2004-01-15 00:00:00",Motorcycles,France,41,100.00,4708.44
10223,"2004-02-20 00:00:00",Motorcycles,Australia,37,100.00,3965.66
10237,"2004-04-05 00:00:00",Motorcycles,USA,23,100.00,2333.12
10251,"2004-05-18 00:00:00",Motorcycles,USA,28,100.00,3188.64
10263,"2004-06-28 00:00:00",Motorcycles,USA,34,100.00,3676.76
10275,"2004-07-23 00:00:00",Motorcycles,France,45,92.83,4177.35
10285,"2004-08-27 00:00:00",Motorcycles,USA,36,100.00,4099.68
10299,"2004-09-30 00:00:00",Motorcycles,Finland,23,100.00,2597.39
10309,"2004-10-15 00:00:00",Motorcycles,Norway,41,100.00,4394.38
10318,"2004-11-02 00:00:00",Motorcycles,USA,46,94.74,4358.04
10329,"2004-11-15 00:00:00",Motorcycles,USA,42,100.00,4396.14
10341,"2004-11-24 00:00:00",Motorcycles,Austria,41,100.00,7737.93
10361,"2004-12-17 00:00:00",Motorcycles,Australia,20,72.55,1451.00
10375,"2005-02-03 00:00:00",Motorcycles,France,21,34.91,733.11
10388,"2005-03-03 00:00:00",Motorcycles,USA,42,76.36,3207.12
10403,"2005-04-08 00:00:00",Motorcycles,UK,24,100.00,2434.56
10417,"2005-05-13 00:00:00",Motorcycles,Spain,66,100.00,7516.08
10103,"2003-01-29 00:00:00","Classic Cars",Norway,26,100.00,5404.62
10112,"2003-03-24 00:00:00","Classic Cars",Sweden,29,100.00,7209.11
10126,"2003-05-28 00:00:00","Classic Cars",Spain,38,100.00,7329.06
10140,"2003-07-24 00:00:00","Classic Cars",USA,37,100.00,7374.10
10150,"2003-09-19 00:00:00","Classic Cars",Singapore,45,100.00,10993.50
10163,"2003-10-20 00:00:00","Classic Cars",USA,21,100.00,4860.24
10174,"2003-11-06 00:00:00","Classic Cars",Australia,34,100.00,8014.82
10183,"2003-11-13 00:00:00","Classic Cars",USA,23,100.00,5372.57
10194,"2003-11-25 00:00:00","Classic Cars",France,42,100.00,7290.36
10206,"2003-12-05 00:00:00","Classic Cars",Canada,47,100.00,9064.89
10215,"2004-01-29 00:00:00","Classic Cars",USA,35,100.00,6075.30
10228,"2004-03-10 00:00:00","Classic Cars",USA,29,100.00,6463.23
10245,"2004-05-04 00:00:00","Classic Cars",USA,34,100.00,6120.34
10258,"2004-06-15 00:00:00","Classic Cars",Japan,32,100.00,7680.64
10270,"2004-07-19 00:00:00","Classic Cars",Australia,21,100.00,4905.39
10280,"2004-08-17 00:00:00","Classic Cars",Italy,34,100.00,8014.82
10291,"2004-09-08 00:00:00","Classic Cars",Sweden,37,100.00,7136.19
10304,"2004-10-11 00:00:00","Classic Cars",France,47,100.00,10172.70
10312,"2004-10-21 00:00:00","Classic Cars",USA,48,100.00,11623.70
10322,"2004-11-04 00:00:00","Classic Cars",USA,40,100.00,6000.40
10333,"2004-11-18 00:00:00","Classic Cars",USA,26,100.00,3003.00
10347,"2004-11-29 00:00:00","Classic Cars",Australia,30,100.00,3944.70
10357,"2004-12-10 00:00:00","Classic Cars",USA,32,100.00,5691.84
10369,"2005-01-20 00:00:00","Classic Cars",USA,41,100.00,4514.92
10381,"2005-02-17 00:00:00","Classic Cars",USA,36,100.00,8254.80
10391,"2005-03-09 00:00:00","Classic Cars",Australia,24,100.00,2416.56
10411,"2005-05-01 00:00:00","Classic Cars",Canada,23,100.00,4140.23
10424,"2005-05-31 00:00:00","Classic Cars",Spain,50,100.00,12001.00
10107,"2003-02-24 00:00:00",Motorcycles,USA,39,99.91,3896.49
10120,"2003-04-29 00:00:00",Motorcycles,Australia,29,96.34,2793.86
10134,"2003-07-01 00:00:00",Motorcycles,France,27,100.00,3307.77
10145,"2003-08-25 00:00:00",Motorcycles,USA,37,100.00,5192.95
10159,"2003-10-10 00:00:00",Motorcycles,USA,37,100.00,5016.83
10168,"2003-10-28 00:00:00",Motorcycles,USA,27,100.00,3660.93
10180,"2003-11-11 00:00:00",Motorcycles,France,42,100.00,4695.60
10188,"2003-11-18 00:00:00",Motorcycles,Norway,38,96.34,3660.92
10201,"2003-12-01 00:00:00",Motorcycles,USA,24,100.00,3025.92
10210,"2004-01-12 00:00:00",Motorcycles,Japan,23,100.00,3009.09
10223,"2004-02-20 00:00:00",Motorcycles,Australia,47,100.00,5422.39
10236,"2004-04-03 00:00:00",Motorcycles,USA,22,100.00,2852.08
10251,"2004-05-18 00:00:00",Motorcycles,USA,44,100.00,5756.52
10263,"2004-06-28 00:00:00",Motorcycles,USA,40,100.00,4472.00
10275,"2004-07-23 00:00:00",Motorcycles,France,22,100.00,2904.44
10285,"2004-08-27 00:00:00",Motorcycles,USA,47,100.00,6484.59
10298,"2004-09-27 00:00:00",Motorcycles,France,39,96.34,3757.26
10308,"2004-10-15 00:00:00",Motorcycles,USA,34,100.00,4043.96
10318,"2004-11-02 00:00:00",Motorcycles,USA,45,100.00,5566.50
10329,"2004-11-15 00:00:00",Motorcycles,USA,20,100.00,3176.00
10339,"2004-11-23 00:00:00",Motorcycles,Japan,40,68.92,2756.80
10361,"2004-12-17 00:00:00",Motorcycles,Australia,26,51.15,1329.90
10374,"2005-02-02 00:00:00",Motorcycles,Australia,39,100.00,5288.01
10388,"2005-03-03 00:00:00",Motorcycles,USA,50,44.51,2225.50
10402,"2005-04-07 00:00:00",Motorcycles,France,45,100.00,5833.80
10417,"2005-05-13 00:00:00",Motorcycles,Spain,45,100.00,5887.35
10107,"2003-02-24 00:00:00",Motorcycles,USA,27,100.00,6065.55
10120,"2003-04-29 00:00:00",Motorcycles,Australia,46,100.00,9264.86
10134,"2003-07-01 00:00:00",Motorcycles,France,31,100.00,7023.98
10145,"2003-08-25 00:00:00",Motorcycles,USA,33,100.00,5176.38
10159,"2003-10-10 00:00:00",Motorcycles,USA,22,100.00,4132.70
10168,"2003-10-28 00:00:00",Motorcycles,USA,20,100.00,4183.00
10180,"2003-11-11 00:00:00",Motorcycles,France,41,100.00,8892.90
10188,"2003-11-18 00:00:00",Motorcycles,Norway,45,100.00,8714.70
10201,"2003-12-01 00:00:00",Motorcycles,USA,49,100.00,8065.89
10210,"2004-01-12 00:00:00",Motorcycles,Japan,34,100.00,6123.40
10223,"2004-02-20 00:00:00",Motorcycles,Australia,49,100.00,9774.03
10237,"2004-04-05 00:00:00",Motorcycles,USA,39,100.00,7023.90
10251,"2004-05-18 00:00:00",Motorcycles,USA,43,100.00,7078.23
10263,"2004-06-28 00:00:00",Motorcycles,USA,41,100.00,8336.94
10275,"2004-07-23 00:00:00",Motorcycles,France,36,100.00,6901.92
10285,"2004-08-27 00:00:00",Motorcycles,USA,27,100.00,5438.07
10299,"2004-09-30 00:00:00",Motorcycles,Finland,29,100.00,6683.34
10308,"2004-10-15 00:00:00",Motorcycles,USA,20,100.00,4570.40
10318,"2004-11-02 00:00:00",Motorcycles,USA,37,100.00,7667.14
10329,"2004-11-15 00:00:00",Motorcycles,USA,26,100.00,5868.20
10339,"2004-11-23 00:00:00",Motorcycles,Japan,39,76.67,2990.13
10362,"2005-01-05 00:00:00",Motorcycles,USA,22,100.00,3664.10
10374,"2005-02-02 00:00:00",Motorcycles,Australia,22,100.00,3834.38
10388,"2005-03-03 00:00:00",Motorcycles,USA,21,86.77,1822.17
10403,"2005-04-08 00:00:00",Motorcycles,UK,66,100.00,11886.60
10417,"2005-05-13 00:00:00",Motorcycles,Spain,56,100.00,9218.16
10105,"2003-02-11 00:00:00","Classic Cars",Denmark,50,100.00,7208.00
10119,"2003-04-28 00:00:00","Classic Cars",Austria,46,100.00,5004.80
10129,"2003-06-12 00:00:00","Classic Cars",UK,33,100.00,4398.24
10143,"2003-08-10 00:00:00","Classic Cars",USA,49,100.00,5597.76
10155,"2003-10-06 00:00:00","Classic Cars",Finland,32,100.00,4526.08
10167,"2003-10-23 00:00:00","Classic Cars",Sweden,44,100.00,5924.16
10178,"2003-11-08 00:00:00","Classic Cars",France,24,100.00,3492.48
10186,"2003-11-14 00:00:00","Classic Cars",UK,26,100.00,3854.24
10197,"2003-11-26 00:00:00","Classic Cars",Spain,45,100.00,5324.40
10209,"2004-01-09 00:00:00","Classic Cars",USA,39,100.00,5197.92
10222,"2004-02-19 00:00:00","Classic Cars",USA,49,100.00,5997.60
10248,"2004-05-07 00:00:00","Classic Cars",USA,20,100.00,2910.40
10261,"2004-06-17 00:00:00","Classic Cars",Canada,27,100.00,3378.24
10273,"2004-07-21 00:00:00","Classic Cars",Belgium,30,100.00,3508.80
10283,"2004-08-20 00:00:00","Classic Cars",Canada,25,100.00,2992.00
10295,"2004-09-10 00:00:00","Classic Cars",USA,24,100.00,3427.20
10307,"2004-10-14 00:00:00","Classic Cars",USA,22,100.00,2692.80
10316,"2004-11-01 00:00:00","Classic Cars",UK,33,100.00,4128.96
10325,"2004-11-05 00:00:00","Classic Cars",Norway,47,64.93,3051.71
10337,"2004-11-21 00:00:00","Classic Cars",USA,25,48.05,1201.25
10350,"2004-12-02 00:00:00","Classic Cars",Spain,26,75.47,1962.22
10359,"2004-12-15 00:00:00","Classic Cars",France,48,54.68,2624.64
10373,"2005-01-31 00:00:00","Classic Cars",Finland,39,100.00,4046.25
10384,"2005-02-23 00:00:00","Classic Cars",USA,34,100.00,4846.70
10395,"2005-03-17 00:00:00","Classic Cars",France,32,100.00,3370.56
10400,"2005-04-01 00:00:00","Classic Cars",USA,64,100.00,9661.44
10414,"2005-05-06 00:00:00","Classic Cars",USA,19,100.00,2764.88
10103,"2003-01-29 00:00:00","Classic Cars",Norway,42,100.00,5398.26
10114,"2003-04-01 00:00:00","Classic Cars",France,31,100.00,4305.28
10126,"2003-05-28 00:00:00","Classic Cars",Spain,22,100.00,3347.74
10140,"2003-07-24 00:00:00","Classic Cars",USA,26,100.00,3188.12
10150,"2003-09-19 00:00:00","Classic Cars",Singapore,20,100.00,3191.20
10164,"2003-10-21 00:00:00","Classic Cars",Austria,21,100.00,3536.82
10175,"2003-11-06 00:00:00","Classic Cars",UK,33,100.00,5362.83
10183,"2003-11-13 00:00:00","Classic Cars",USA,28,100.00,3433.36
10194,"2003-11-25 00:00:00","Classic Cars",France,26,100.00,4263.74
10207,"2003-12-09 00:00:00","Classic Cars",USA,31,100.00,4076.19
10217,"2004-02-04 00:00:00","Classic Cars",Singapore,48,100.00,7020.48
10229,"2004-03-11 00:00:00","Classic Cars",USA,50,100.00,6426.50
10245,"2004-05-04 00:00:00","Classic Cars",USA,28,100.00,4591.72
10259,"2004-06-15 00:00:00","Classic Cars",Singapore,26,100.00,4033.38
10270,"2004-07-19 00:00:00","Classic Cars",Australia,32,100.00,4302.08
10281,"2004-08-19 00:00:00","Classic Cars",USA,44,100.00,7020.64
10291,"2004-09-08 00:00:00","Classic Cars",Sweden,30,100.00,3855.90
10305,"2004-10-13 00:00:00","Classic Cars",USA,38,100.00,6680.78
10313,"2004-10-22 00:00:00","Classic Cars",Canada,40,100.00,6678.00
10322,"2004-11-04 00:00:00","Classic Cars",USA,46,61.99,2851.54
10334,"2004-11-19 00:00:00","Classic Cars",Sweden,26,100.00,3188.12
10347,"2004-11-29 00:00:00","Classic Cars",Australia,27,100.00,4428.00
10357,"2004-12-10 00:00:00","Classic Cars",USA,43,100.00,5780.92
10370,"2005-01-20 00:00:00","Classic Cars",Australia,35,65.63,2297.05
10381,"2005-02-17 00:00:00","Classic Cars",USA,37,100.00,6231.54
10391,"2005-03-09 00:00:00","Classic Cars",Australia,37,46.90,1735.30
10411,"2005-05-01 00:00:00","Classic Cars",Canada,27,100.00,4427.73
10425,"2005-05-31 00:00:00","Classic Cars",France,38,100.00,5894.94
10108,"2003-03-03 00:00:00","Classic Cars",Philippines,33,100.00,5265.15
10122,"2003-05-08 00:00:00","Classic Cars",France,42,100.00,7599.90
10135,"2003-07-02 00:00:00","Classic Cars",USA,42,100.00,8008.56
10147,"2003-09-05 00:00:00","Classic Cars",USA,48,100.00,9245.76
10159,"2003-10-10 00:00:00","Classic Cars",USA,41,100.00,8296.35
10169,"2003-11-04 00:00:00","Classic Cars",Australia,30,100.00,5019.90
10181,"2003-11-12 00:00:00","Classic Cars",Norway,27,100.00,5411.07
10191,"2003-11-20 00:00:00","Classic Cars",Germany,21,100.00,3840.90
10203,"2003-12-02 00:00:00","Classic Cars",Spain,20,100.00,3930.40
10211,"2004-01-15 00:00:00","Classic Cars",France,41,100.00,7498.90
10225,"2004-02-22 00:00:00","Classic Cars",Switzerland,27,100.00,4517.91
10238,"2004-04-09 00:00:00","Classic Cars",Denmark,28,100.00,5774.72
10253,"2004-06-01 00:00:00","Classic Cars",UK,24,100.00,3922.56
10266,"2004-07-06 00:00:00","Classic Cars",Italy,44,100.00,9160.36
10276,"2004-08-02 00:00:00","Classic Cars",USA,50,100.00,9631.00
10287,"2004-08-30 00:00:00","Classic Cars",Switzerland,21,100.00,3432.24
10300,"2003-10-04 00:00:00","Classic Cars",Germany,33,100.00,5521.89
10310,"2004-10-16 00:00:00","Classic Cars",Germany,33,100.00,6934.62
10320,"2004-11-03 00:00:00","Classic Cars",Sweden,31,100.00,6876.11
10329,"2004-11-15 00:00:00","Classic Cars",USA,41,71.47,2930.27
10341,"2004-11-24 00:00:00","Classic Cars",Austria,45,79.65,3584.25
10363,"2005-01-06 00:00:00","Classic Cars",Finland,33,85.39,2817.87
10375,"2005-02-03 00:00:00","Classic Cars",France,45,76.00,3420.00
10389,"2005-03-03 00:00:00","Classic Cars",Sweden,26,99.04,2575.04
10419,"2005-05-17 00:00:00","Classic Cars",Austria,12,100.00,1961.28
10105,"2003-02-11 00:00:00","Classic Cars",Denmark,41,100.00,8690.36
10117,"2003-04-16 00:00:00","Classic Cars",Singapore,33,100.00,6034.38
10127,"2003-06-03 00:00:00","Classic Cars",USA,46,100.00,11279.20
10142,"2003-08-08 00:00:00","Classic Cars",USA,33,100.00,8023.29
10153,"2003-09-28 00:00:00","Classic Cars",Spain,20,100.00,4904.00
10165,"2003-10-22 00:00:00","Classic Cars",Singapore,44,100.00,8594.52
10176,"2003-11-06 00:00:00","Classic Cars",Italy,33,100.00,7474.50
10185,"2003-11-14 00:00:00","Classic Cars",USA,21,100.00,3883.74
10196,"2003-11-26 00:00:00","Classic Cars",USA,47,100.00,8887.70
10208,"2004-01-02 00:00:00","Classic Cars",France,46,100.00,8602.92
10220,"2004-02-12 00:00:00","Classic Cars",Ireland,32,100.00,7181.44
10231,"2004-03-19 00:00:00","Classic Cars",Spain,42,100.00,8378.58
10247,"2004-05-05 00:00:00","Classic Cars",Finland,44,100.00,10606.20
10272,"2004-07-20 00:00:00","Classic Cars",USA,35,100.00,5818.40
10282,"2004-08-20 00:00:00","Classic Cars",USA,41,100.00,7071.27
10293,"2004-09-09 00:00:00","Classic Cars",Italy,46,100.00,8411.56
10306,"2004-10-14 00:00:00","Classic Cars",UK,31,100.00,6570.76
10314,"2004-10-22 00:00:00","Classic Cars",Denmark,38,100.00,7975.44
10325,"2004-11-05 00:00:00","Classic Cars",Norway,42,64.00,2688.00
10336,"2004-11-20 00:00:00","Classic Cars",France,33,57.22,1888.26
10348,"2004-11-01 00:00:00","Classic Cars",Spain,48,52.36,2513.28
10359,"2004-12-15 00:00:00","Classic Cars",France,42,100.00,4764.48
10371,"2005-01-23 00:00:00","Classic Cars",USA,32,100.00,3560.64
10382,"2005-02-17 00:00:00","Classic Cars",USA,34,100.00,3823.64
10395,"2005-03-17 00:00:00","Classic Cars",France,33,69.12,2280.96
10413,"2005-05-05 00:00:00","Classic Cars",USA,36,100.00,8677.80
10103,"2003-01-29 00:00:00","Trucks and Buses",Norway,27,100.00,3394.98
10113,"2003-03-26 00:00:00","Trucks and Buses",USA,21,100.00,3415.44
10126,"2003-05-28 00:00:00","Trucks and Buses",Spain,21,100.00,2439.57
10140,"2003-07-24 00:00:00","Trucks and Buses",USA,38,100.00,4829.80
10150,"2003-09-19 00:00:00","Trucks and Buses",Singapore,30,100.00,4100.10
10164,"2003-10-21 00:00:00","Trucks and Buses",Austria,49,100.00,6563.06
10174,"2003-11-06 00:00:00","Trucks and Buses",Australia,43,100.00,6817.22
10183,"2003-11-13 00:00:00","Trucks and Buses",USA,41,100.00,6163.94
10194,"2003-11-25 00:00:00","Trucks and Buses",France,38,100.00,4933.92
10206,"2003-12-05 00:00:00","Trucks and Buses",Canada,28,100.00,4056.36
10216,"2004-02-02 00:00:00","Trucks and Buses",France,43,100.00,5759.42
10229,"2004-03-11 00:00:00","Trucks and Buses",USA,25,100.00,3451.00
10245,"2004-05-04 00:00:00","Trucks and Buses",USA,38,100.00,5920.40
10258,"2004-06-15 00:00:00","Trucks and Buses",Japan,41,100.00,6668.24
10270,"2004-07-19 00:00:00","Trucks and Buses",Australia,28,100.00,4094.72
10281,"2004-08-19 00:00:00","Trucks and Buses",USA,25,100.00,2938.50
10291,"2004-09-08 00:00:00","Trucks and Buses",Sweden,41,100.00,6387.80
10304,"2004-10-11 00:00:00","Trucks and Buses",France,39,100.00,6396.00
10313,"2004-10-22 00:00:00","Trucks and Buses",Canada,21,100.00,2669.10
10322,"2004-11-04 00:00:00","Trucks and Buses",USA,27,100.00,4784.13
10333,"2004-11-18 00:00:00","Trucks and Buses",USA,33,99.21,3273.93
10347,"2004-11-29 00:00:00","Trucks and Buses",Australia,29,100.00,3586.43
10357,"2004-12-10 00:00:00","Trucks and Buses",USA,49,100.00,5960.36
10370,"2005-01-20 00:00:00","Trucks and Buses",Australia,49,100.00,8470.14
10381,"2005-02-17 00:00:00","Trucks and Buses",USA,20,100.00,2952.00
10391,"2005-03-09 00:00:00","Trucks and Buses",Australia,39,63.20,2464.80
10411,"2005-05-01 00:00:00","Trucks and Buses",Canada,40,100.00,6232.00
10424,"2005-05-31 00:00:00","Trucks and Buses",Spain,49,100.00,7969.36
10107,"2003-02-24 00:00:00",Motorcycles,USA,21,100.00,3036.60
10121,"2003-05-07 00:00:00",Motorcycles,France,50,100.00,8284.00
10134,"2003-07-01 00:00:00",Motorcycles,France,20,100.00,2711.20
10145,"2003-08-25 00:00:00",Motorcycles,USA,49,100.00,8339.80
10159,"2003-10-10 00:00:00",Motorcycles,USA,38,100.00,6238.84
10169,"2003-11-04 00:00:00",Motorcycles,Australia,35,100.00,4639.25
10180,"2003-11-11 00:00:00",Motorcycles,France,40,100.00,6747.60
10189,"2003-11-18 00:00:00",Motorcycles,USA,28,100.00,4512.48
10201,"2003-12-01 00:00:00",Motorcycles,USA,25,100.00,4029.00
10211,"2004-01-15 00:00:00",Motorcycles,France,36,100.00,4771.80
10224,"2004-02-21 00:00:00",Motorcycles,France,43,100.00,6087.94
10237,"2004-04-05 00:00:00",Motorcycles,USA,32,100.00,4193.28
10251,"2004-05-18 00:00:00",Motorcycles,USA,46,100.00,7552.28
10263,"2004-06-28 00:00:00",Motorcycles,USA,48,100.00,6434.40
10276,"2004-08-02 00:00:00",Motorcycles,USA,43,100.00,5181.50
10285,"2004-08-27 00:00:00",Motorcycles,USA,49,100.00,6863.92
10299,"2004-09-30 00:00:00",Motorcycles,Finland,24,100.00,4157.04
10309,"2004-10-15 00:00:00",Motorcycles,Norway,26,100.00,4660.24
10319,"2004-11-03 00:00:00",Motorcycles,USA,30,100.00,4111.80
10329,"2004-11-15 00:00:00",Motorcycles,USA,24,100.00,3542.64
10341,"2004-11-24 00:00:00",Motorcycles,Austria,55,100.00,8118.55
10362,"2005-01-05 00:00:00",Motorcycles,USA,22,100.00,3877.06
10375,"2005-02-03 00:00:00",Motorcycles,France,49,78.92,3867.08
10388,"2005-03-03 00:00:00",Motorcycles,USA,44,100.00,5951.44
10403,"2005-04-08 00:00:00",Motorcycles,UK,66,100.00,8648.64
10417,"2005-05-13 00:00:00",Motorcycles,Spain,21,100.00,3447.78
10104,"2003-01-31 00:00:00","Classic Cars",Spain,34,100.00,5958.50
10117,"2003-04-16 00:00:00","Classic Cars",Singapore,43,100.00,5911.64
10127,"2003-06-03 00:00:00","Classic Cars",USA,46,100.00,7366.44
10142,"2003-08-08 00:00:00","Classic Cars",USA,33,100.00,4985.64
10153,"2003-09-28 00:00:00","Classic Cars",Spain,42,100.00,5393.64
10165,"2003-10-22 00:00:00","Classic Cars",Singapore,34,100.00,4880.02
10176,"2003-11-06 00:00:00","Classic Cars",Italy,47,100.00,8378.69
10185,"2003-11-14 00:00:00","Classic Cars",USA,33,100.00,4038.21
10196,"2003-11-26 00:00:00","Classic Cars",USA,24,100.00,3807.12
10208,"2004-01-02 00:00:00","Classic Cars",France,26,100.00,3142.36
10220,"2004-02-12 00:00:00","Classic Cars",Ireland,30,100.00,4713.60
10230,"2004-03-15 00:00:00","Classic Cars",Germany,43,100.00,7016.31
10247,"2004-05-05 00:00:00","Classic Cars",Finland,25,100.00,4381.25
10272,"2004-07-20 00:00:00","Classic Cars",USA,27,100.00,4283.01
10282,"2004-08-20 00:00:00","Classic Cars",USA,27,100.00,4364.82
10293,"2004-09-09 00:00:00","Classic Cars",Italy,24,100.00,4242.24
10306,"2004-10-14 00:00:00","Classic Cars",UK,34,100.00,4982.70
10314,"2004-10-22 00:00:00","Classic Cars",Denmark,46,100.00,6393.54
10324,"2004-11-05 00:00:00","Classic Cars",USA,27,54.33,1466.91
10336,"2004-11-20 00:00:00","Classic Cars",France,33,100.00,4059.33
10348,"2004-11-01 00:00:00","Classic Cars",Spain,47,100.00,4801.52
10358,"2004-12-10 00:00:00","Classic Cars",Spain,49,55.34,2711.66
10372,"2005-01-26 00:00:00","Classic Cars",Japan,40,100.00,5862.00
10382,"2005-02-17 00:00:00","Classic Cars",USA,37,100.00,4071.85
10413,"2005-05-05 00:00:00","Classic Cars",USA,47,100.00,8236.75
10108,"2003-03-03 00:00:00","Classic Cars",Philippines,45,100.00,6130.35
10122,"2003-05-08 00:00:00","Classic Cars",France,37,99.82,3693.34
10135,"2003-07-02 00:00:00","Classic Cars",USA,48,100.00,6031.68
10147,"2003-09-05 00:00:00","Classic Cars",USA,31,100.00,3494.94
10160,"2003-10-11 00:00:00","Classic Cars",USA,46,100.00,5294.14
10170,"2003-11-04 00:00:00","Classic Cars",Austria,47,100.00,5464.69
10181,"2003-11-12 00:00:00","Classic Cars",Norway,28,100.00,2860.76
10191,"2003-11-20 00:00:00","Classic Cars",Germany,40,100.00,5590.00
10203,"2003-12-02 00:00:00","Classic Cars",Spain,20,100.00,2254.80
10212,"2004-01-16 00:00:00","Classic Cars",Spain,39,100.00,4946.76
10225,"2004-02-22 00:00:00","Classic Cars",Switzerland,25,99.82,2495.50
10238,"2004-04-09 00:00:00","Classic Cars",Denmark,29,100.00,3167.38
10253,"2004-06-01 00:00:00","Classic Cars",UK,22,100.00,2402.84
10266,"2004-07-06 00:00:00","Classic Cars",Italy,22,100.00,2454.54
10276,"2004-08-02 00:00:00","Classic Cars",USA,47,100.00,5464.69
10287,"2004-08-30 00:00:00","Classic Cars",Switzerland,45,100.00,4756.50
10300,"2003-10-04 00:00:00","Classic Cars",Germany,29,100.00,3984.60
10310,"2004-10-16 00:00:00","Classic Cars",Germany,24,100.00,3100.32
10320,"2004-11-03 00:00:00","Classic Cars",Sweden,35,100.00,4850.30
10329,"2004-11-15 00:00:00","Classic Cars",USA,46,83.63,3846.98
10341,"2004-11-24 00:00:00","Classic Cars",Austria,44,95.93,4220.92
10363,"2005-01-06 00:00:00","Classic Cars",Finland,34,96.73,3288.82
10376,"2005-02-08 00:00:00","Classic Cars",USA,35,100.00,3987.20
10389,"2005-03-03 00:00:00","Classic Cars",Sweden,25,72.38,1809.50
10419,"2005-05-17 00:00:00","Classic Cars",Austria,10,100.00,1092.20
10105,"2003-02-11 00:00:00","Classic Cars",Denmark,29,100.00,4566.05
10117,"2003-04-16 00:00:00","Classic Cars",Singapore,39,100.00,5938.14
10127,"2003-06-03 00:00:00","Classic Cars",USA,42,100.00,8138.76
10142,"2003-08-08 00:00:00","Classic Cars",USA,46,100.00,9470.94
10153,"2003-09-28 00:00:00","Classic Cars",Spain,49,100.00,7036.89
10165,"2003-10-22 00:00:00","Classic Cars",Singapore,27,100.00,5559.03
10176,"2003-11-06 00:00:00","Classic Cars",Italy,50,100.00,7872.50
10185,"2003-11-14 00:00:00","Classic Cars",USA,43,100.00,7886.20
10196,"2003-11-26 00:00:00","Classic Cars",USA,38,100.00,7232.16
10208,"2004-01-02 00:00:00","Classic Cars",France,20,100.00,3114.40
10220,"2004-02-12 00:00:00","Classic Cars",Ireland,27,100.00,5045.22
10231,"2004-03-19 00:00:00","Classic Cars",Spain,49,100.00,6952.12
10247,"2004-05-05 00:00:00","Classic Cars",Finland,27,100.00,4157.73
10272,"2004-07-20 00:00:00","Classic Cars",USA,39,100.00,7962.24
10282,"2004-08-20 00:00:00","Classic Cars",USA,24,100.00,3778.80
10293,"2004-09-09 00:00:00","Classic Cars",Italy,45,100.00,8253.00
10306,"2004-10-14 00:00:00","Classic Cars",UK,20,100.00,3633.40
10314,"2004-10-22 00:00:00","Classic Cars",Denmark,36,100.00,6913.80
10325,"2004-11-05 00:00:00","Classic Cars",Norway,24,100.00,2583.60
10336,"2004-11-20 00:00:00","Classic Cars",France,49,63.38,3105.62
10349,"2004-12-01 00:00:00","Classic Cars",USA,26,100.00,4408.56
10359,"2004-12-15 00:00:00","Classic Cars",France,49,62.09,3042.41
10372,"2005-01-26 00:00:00","Classic Cars",Japan,34,100.00,5941.50
10382,"2005-02-17 00:00:00","Classic Cars",USA,34,95.35,3241.90
10396,"2005-03-23 00:00:00","Classic Cars",USA,33,100.00,6109.29
10413,"2005-05-05 00:00:00","Classic Cars",USA,22,100.00,3387.78
10108,"2003-03-03 00:00:00","Classic Cars",Philippines,39,89.38,3485.82
10122,"2003-05-08 00:00:00","Classic Cars",France,32,63.84,2042.88
10135,"2003-07-02 00:00:00","Classic Cars",USA,24,75.01,1800.24
10147,"2003-09-05 00:00:00","Classic Cars",USA,21,63.84,1340.64
10159,"2003-10-10 00:00:00","Classic Cars",USA,24,73.42,1762.08
10169,"2003-11-04 00:00:00","Classic Cars",Australia,36,63.84,2298.24
10181,"2003-11-12 00:00:00","Classic Cars",Norway,20,81.40,1628.00
10191,"2003-11-20 00:00:00","Classic Cars",Germany,30,64.64,1939.20
10203,"2003-12-02 00:00:00","Classic Cars",Spain,44,82.99,3651.56
10211,"2004-01-15 00:00:00","Classic Cars",France,28,92.57,2591.96
10225,"2004-02-22 00:00:00","Classic Cars",Switzerland,37,77.41,2864.17
10238,"2004-04-09 00:00:00","Classic Cars",Denmark,20,74.21,1484.20
10253,"2004-06-01 00:00:00","Classic Cars",UK,25,90.17,2254.25
10266,"2004-07-06 00:00:00","Classic Cars",Italy,35,76.61,2681.35
10276,"2004-08-02 00:00:00","Classic Cars",USA,38,83.79,3184.02
10287,"2004-08-30 00:00:00","Classic Cars",Switzerland,41,69.43,2846.63
10300,"2003-10-04 00:00:00","Classic Cars",Germany,22,76.61,1685.42
10310,"2004-10-16 00:00:00","Classic Cars",Germany,49,81.40,3988.60
10320,"2004-11-03 00:00:00","Classic Cars",Sweden,38,73.42,2789.96
10329,"2004-11-15 00:00:00","Classic Cars",USA,33,100.00,3607.56
10341,"2004-11-24 00:00:00","Classic Cars",Austria,36,93.56,3368.16
10363,"2005-01-06 00:00:00","Classic Cars",Finland,34,81.62,2775.08
10377,"2005-02-09 00:00:00","Classic Cars",Finland,24,67.83,1627.92
10389,"2005-03-03 00:00:00","Classic Cars",Sweden,36,70.26,2529.36
10419,"2005-05-17 00:00:00","Classic Cars",Austria,34,90.17,3065.78
10104,"2003-01-31 00:00:00","Trucks and Buses",Spain,41,100.00,4615.78
10115,"2003-04-04 00:00:00","Trucks and Buses",USA,46,100.00,5723.78
10127,"2003-06-03 00:00:00","Trucks and Buses",USA,24,100.00,2559.60
10141,"2003-08-01 00:00:00","Trucks and Buses",Finland,21,100.00,2140.11
10151,"2003-09-21 00:00:00","Trucks and Buses",Finland,24,100.00,3327.60
10165,"2003-10-22 00:00:00","Trucks and Buses",Singapore,48,100.00,6825.60
10175,"2003-11-06 00:00:00","Trucks and Buses",UK,26,100.00,3543.28
10184,"2003-11-14 00:00:00","Trucks and Buses",Spain,37,100.00,4516.22
10195,"2003-11-25 00:00:00","Trucks and Buses",USA,49,100.00,6445.46
10207,"2003-12-09 00:00:00","Trucks and Buses",USA,34,99.54,3384.36
10219,"2004-02-10 00:00:00","Trucks and Buses",USA,48,100.00,4891.68
10229,"2004-03-11 00:00:00","Trucks and Buses",USA,36,100.00,4521.96
10246,"2004-05-05 00:00:00","Trucks and Buses",Spain,46,100.00,5069.66
10259,"2004-06-15 00:00:00","Trucks and Buses",Singapore,46,100.00,6541.20
10271,"2004-07-20 00:00:00","Trucks and Buses",USA,31,97.17,3012.27
10281,"2004-08-19 00:00:00","Trucks and Buses",USA,41,100.00,5247.18
10292,"2004-09-08 00:00:00","Trucks and Buses",USA,21,100.00,2214.87
10305,"2004-10-13 00:00:00","Trucks and Buses",USA,38,100.00,4773.18
10314,"2004-10-22 00:00:00","Trucks and Buses",Denmark,45,100.00,6185.70
10324,"2004-11-05 00:00:00","Trucks and Buses",USA,26,58.38,1517.88
10336,"2004-11-20 00:00:00","Trucks and Buses",France,38,100.00,6372.60
10349,"2004-12-01 00:00:00","Trucks and Buses",USA,48,100.00,5232.96
10358,"2004-12-10 00:00:00","Trucks and Buses",Spain,42,64.16,2694.72
10371,"2005-01-23 00:00:00","Trucks and Buses",USA,49,35.71,1749.79
10382,"2005-02-17 00:00:00","Trucks and Buses",USA,32,66.58,2130.56
10412,"2005-05-03 00:00:00","Trucks and Buses",Spain,54,100.00,5951.34
10425,"2005-05-31 00:00:00","Trucks and Buses",France,33,100.00,4692.60
10108,"2003-03-03 00:00:00","Classic Cars",Philippines,36,100.00,3731.04
10122,"2003-05-08 00:00:00","Classic Cars",France,20,100.00,2142.00
10135,"2003-07-02 00:00:00","Classic Cars",USA,29,97.89,2838.81
10147,"2003-09-05 00:00:00","Classic Cars",USA,33,97.89,3230.37
10160,"2003-10-11 00:00:00","Classic Cars",USA,50,100.00,5182.00
10170,"2003-11-04 00:00:00","Classic Cars",Austria,41,100.00,4391.10
10181,"2003-11-12 00:00:00","Classic Cars",Norway,36,100.00,4477.32
10192,"2003-11-20 00:00:00","Classic Cars",USA,27,100.00,3544.56
10203,"2003-12-02 00:00:00","Classic Cars",Spain,47,100.00,5195.85
10212,"2004-01-16 00:00:00","Classic Cars",Spain,33,100.00,4180.44
10225,"2004-02-22 00:00:00","Classic Cars",Switzerland,21,100.00,2684.43
10239,"2004-04-12 00:00:00","Classic Cars",Finland,21,93.28,1958.88
10253,"2004-06-01 00:00:00","Classic Cars",UK,41,100.00,4910.57
10266,"2004-07-06 00:00:00","Classic Cars",Italy,40,100.00,4468.40
10277,"2004-08-04 00:00:00","Classic Cars",Singapore,28,100.00,3127.88
10287,"2004-08-30 00:00:00","Classic Cars",Switzerland,23,100.00,2675.13
10300,"2003-10-04 00:00:00","Classic Cars",Germany,23,100.00,2807.61
10310,"2004-10-16 00:00:00","Classic Cars",Germany,25,100.00,2504.75
10321,"2004-11-04 00:00:00","Classic Cars",USA,24,100.00,2984.88
10329,"2004-11-15 00:00:00","Classic Cars",USA,39,64.74,2524.86
10341,"2004-11-24 00:00:00","Classic Cars",Austria,55,75.20,4136.00
10363,"2005-01-06 00:00:00","Classic Cars",Finland,46,88.45,4068.70
10377,"2005-02-09 00:00:00","Classic Cars",Finland,50,100.00,5182.00
10389,"2005-03-03 00:00:00","Classic Cars",Sweden,47,100.00,5243.79
10405,"2005-04-14 00:00:00","Classic Cars",France,97,93.28,9048.16
10419,"2005-05-17 00:00:00","Classic Cars",Austria,32,100.00,3832.64
10103,"2003-01-29 00:00:00","Trucks and Buses",Norway,35,100.00,3920.00
10113,"2003-03-26 00:00:00","Trucks and Buses",USA,49,100.00,4916.66
10126,"2003-05-28 00:00:00","Trucks and Buses",Spain,38,100.00,3857.00
10140,"2003-07-24 00:00:00","Trucks and Buses",USA,32,100.00,4181.44
10150,"2003-09-19 00:00:00","Trucks and Buses",Singapore,34,100.00,4641.00
10164,"2003-10-21 00:00:00","Trucks and Buses",Austria,36,99.17,3570.12
10174,"2003-11-06 00:00:00","Trucks and Buses",Australia,48,93.34,4480.32
10183,"2003-11-13 00:00:00","Trucks and Buses",USA,21,96.84,2033.64
10194,"2003-11-25 00:00:00","Trucks and Buses",France,21,93.34,1960.14
10206,"2003-12-05 00:00:00","Trucks and Buses",Canada,34,100.00,3966.78
10215,"2004-01-29 00:00:00","Trucks and Buses",USA,46,100.00,5152.00
10228,"2004-03-10 00:00:00","Trucks and Buses",USA,32,100.00,3360.00
10245,"2004-05-04 00:00:00","Trucks and Buses",USA,29,100.00,3451.00
10258,"2004-06-15 00:00:00","Trucks and Buses",Japan,41,100.00,5453.00
10270,"2004-07-19 00:00:00","Trucks and Buses",Australia,43,96.84,4164.12
10280,"2004-08-17 00:00:00","Trucks and Buses",Italy,24,100.00,2800.08
10291,"2004-09-08 00:00:00","Trucks and Buses",Sweden,41,100.00,4687.94
10304,"2004-10-11 00:00:00","Trucks and Buses",France,46,98.00,4508.00
10312,"2004-10-21 00:00:00","Trucks and Buses",USA,32,100.00,4181.44
10322,"2004-11-04 00:00:00","Trucks and Buses",USA,22,100.00,2251.04
10333,"2004-11-18 00:00:00","Trucks and Buses",USA,29,40.25,1167.25
10347,"2004-11-29 00:00:00","Trucks and Buses",Australia,42,49.60,2083.20
10357,"2004-12-10 00:00:00","Trucks and Buses",USA,39,98.00,3822.00
10370,"2005-01-20 00:00:00","Trucks and Buses",Australia,27,100.00,3911.49
10381,"2005-02-17 00:00:00","Trucks and Buses",USA,48,98.00,4704.00
10391,"2005-03-09 00:00:00","Trucks and Buses",Australia,29,85.10,2467.90
10411,"2005-05-01 00:00:00","Trucks and Buses",Canada,27,100.00,3213.00
10424,"2005-05-31 00:00:00","Trucks and Buses",Spain,54,100.00,7182.00
10109,"2003-03-10 00:00:00","Classic Cars",USA,26,100.00,4379.18
10122,"2003-05-08 00:00:00","Classic Cars",France,34,100.00,5004.80
10136,"2003-07-04 00:00:00","Classic Cars",France,25,100.00,3644.75
10148,"2003-09-11 00:00:00","Classic Cars",Australia,23,100.00,2702.04
10161,"2003-10-17 00:00:00","Classic Cars",Denmark,28,100.00,3764.88
10171,"2003-11-05 00:00:00","Classic Cars",Canada,35,100.00,4508.00
10181,"2003-11-12 00:00:00","Classic Cars",Norway,44,100.00,5418.16
10192,"2003-11-20 00:00:00","Classic Cars",USA,22,100.00,3300.66
10204,"2003-12-02 00:00:00","Classic Cars",USA,42,100.00,6182.40
10212,"2004-01-16 00:00:00","Classic Cars",Spain,29,100.00,4186.73
10225,"2004-02-22 00:00:00","Classic Cars",Switzerland,32,100.00,4529.28
10240,"2004-04-13 00:00:00","Classic Cars",Japan,41,100.00,5628.89
10253,"2004-06-01 00:00:00","Classic Cars",UK,26,100.00,3054.48
10266,"2004-07-06 00:00:00","Classic Cars",Italy,21,100.00,2526.51
10278,"2004-08-06 00:00:00","Classic Cars",USA,34,100.00,4667.86
10287,"2004-08-30 00:00:00","Classic Cars",Switzerland,41,100.00,6499.32
10301,"2003-10-05 00:00:00","Classic Cars",Norway,37,100.00,5917.78
10310,"2004-10-16 00:00:00","Classic Cars",Germany,37,100.00,6231.91
10321,"2004-11-04 00:00:00","Classic Cars",USA,41,100.00,5803.14
10331,"2004-11-17 00:00:00","Classic Cars",USA,46,100.00,6434.02
10342,"2004-11-24 00:00:00","Classic Cars",Australia,40,100.00,6454.40
10356,"2004-12-09 00:00:00","Classic Cars",France,43,97.60,4196.80
10365,"2005-01-07 00:00:00","Classic Cars",USA,30,87.06,2611.80
10377,"2005-02-09 00:00:00","Classic Cars",Finland,35,100.00,5895.05
10390,"2005-03-04 00:00:00","Classic Cars",USA,36,93.77,3375.72
10406,"2005-04-15 00:00:00","Classic Cars",Denmark,61,100.00,8374.69
10419,"2005-05-17 00:00:00","Classic Cars",Austria,38,100.00,4464.24
10102,"2003-01-10 00:00:00","Vintage Cars",USA,39,100.00,4808.31
10111,"2003-03-25 00:00:00","Vintage Cars",USA,33,99.66,3288.78
10125,"2003-05-21 00:00:00","Vintage Cars",Australia,32,100.00,3254.72
10139,"2003-07-16 00:00:00","Vintage Cars",Australia,31,100.00,3184.94
10149,"2003-09-12 00:00:00","Vintage Cars",USA,50,100.00,5907.50
10162,"2003-10-18 00:00:00","Vintage Cars",USA,48,91.44,4389.12
10173,"2003-11-05 00:00:00","Vintage Cars",Italy,43,100.00,5036.16
10182,"2003-11-12 00:00:00","Vintage Cars",USA,25,87.33,2183.25
10193,"2003-11-21 00:00:00","Vintage Cars",Australia,28,100.00,3106.88
10205,"2003-12-03 00:00:00","Vintage Cars",Spain,36,100.00,3735.72
10215,"2004-01-29 00:00:00","Vintage Cars",USA,27,89.38,2413.26
10227,"2004-03-02 00:00:00","Vintage Cars",France,25,100.00,2953.75
10244,"2004-04-29 00:00:00","Vintage Cars",Spain,40,100.00,4684.80
10256,"2004-06-08 00:00:00","Vintage Cars",Denmark,34,95.55,3248.70
10280,"2004-08-17 00:00:00","Vintage Cars",Italy,50,100.00,5239.50
10289,"2004-09-03 00:00:00","Vintage Cars",Norway,38,100.00,4567.98
10304,"2004-10-11 00:00:00","Vintage Cars",France,37,95.55,3535.35
10312,"2004-10-21 00:00:00","Vintage Cars",USA,43,89.38,3843.34
10322,"2004-11-04 00:00:00","Vintage Cars",USA,43,86.30,3710.90
10332,"2004-11-17 00:00:00","Vintage Cars",UK,46,95.13,4375.98
10346,"2004-11-29 00:00:00","Vintage Cars",USA,42,36.11,1516.62
10356,"2004-12-09 00:00:00","Vintage Cars",France,50,50.18,2509.00
10369,"2005-01-20 00:00:00","Vintage Cars",USA,44,100.00,9240.44
10380,"2005-02-16 00:00:00","Vintage Cars",Spain,27,93.16,2515.32
10391,"2005-03-09 00:00:00","Vintage Cars",Australia,35,100.00,5548.90
10422,"2005-05-30 00:00:00","Vintage Cars",USA,51,95.55,4873.05
10102,"2003-01-10 00:00:00","Vintage Cars",USA,41,50.14,2055.74
10111,"2003-03-25 00:00:00","Vintage Cars",USA,48,49.06,2354.88
10126,"2003-05-28 00:00:00","Vintage Cars",Spain,42,54.99,2309.58
10139,"2003-07-16 00:00:00","Vintage Cars",Australia,49,43.13,2113.37
10149,"2003-09-12 00:00:00","Vintage Cars",USA,30,58.22,1746.60
10162,"2003-10-18 00:00:00","Vintage Cars",USA,45,51.21,2304.45
10173,"2003-11-05 00:00:00","Vintage Cars",Italy,48,44.21,2122.08
10182,"2003-11-12 00:00:00","Vintage Cars",USA,32,54.45,1742.40
10193,"2003-11-21 00:00:00","Vintage Cars",Australia,46,53.37,2455.02
10205,"2003-12-03 00:00:00","Vintage Cars",Spain,48,63.61,3053.28
10215,"2004-01-29 00:00:00","Vintage Cars",USA,33,43.13,1423.29
10227,"2004-03-02 00:00:00","Vintage Cars",France,31,48.52,1504.12
10244,"2004-04-29 00:00:00","Vintage Cars",Spain,20,58.22,1164.40
10256,"2004-06-08 00:00:00","Vintage Cars",Denmark,29,51.75,1500.75
10280,"2004-08-17 00:00:00","Vintage Cars",Italy,27,57.68,1557.36
10289,"2004-09-03 00:00:00","Vintage Cars",Norway,24,56.07,1345.68
10304,"2004-10-11 00:00:00","Vintage Cars",France,37,48.52,1795.24
10312,"2004-10-21 00:00:00","Vintage Cars",USA,25,44.21,1105.25
10322,"2004-11-04 00:00:00","Vintage Cars",USA,41,57.68,2364.88
10332,"2004-11-17 00:00:00","Vintage Cars",UK,27,89.89,2427.03
10347,"2004-11-29 00:00:00","Vintage Cars",Australia,21,58.95,1237.95
10356,"2004-12-09 00:00:00","Vintage Cars",France,22,72.41,1593.02
10369,"2005-01-20 00:00:00","Vintage Cars",USA,32,98.63,3156.16
10381,"2005-02-17 00:00:00","Vintage Cars",USA,25,52.83,1320.75
10391,"2005-03-09 00:00:00","Vintage Cars",Australia,42,100.00,4998.00
10422,"2005-05-30 00:00:00","Vintage Cars",USA,25,51.75,1293.75
10110,"2003-03-18 00:00:00","Classic Cars",UK,37,100.00,5433.08
10123,"2003-05-20 00:00:00","Classic Cars",France,26,100.00,3073.72
10137,"2003-07-10 00:00:00","Classic Cars",France,44,99.55,4380.20
10148,"2003-09-11 00:00:00","Classic Cars",Australia,47,100.00,5848.68
10161,"2003-10-17 00:00:00","Classic Cars",Denmark,43,100.00,6153.73
10172,"2003-11-05 00:00:00","Classic Cars",USA,42,100.00,4965.24
10181,"2003-11-12 00:00:00","Classic Cars",Norway,42,100.00,5435.64
10192,"2003-11-20 00:00:00","Classic Cars",USA,29,100.00,4258.36
10204,"2003-12-02 00:00:00","Classic Cars",USA,40,100.00,4032.00
10212,"2004-01-16 00:00:00","Classic Cars",Spain,38,100.00,4492.36
10226,"2004-02-26 00:00:00","Classic Cars",USA,38,100.00,4161.38
10241,"2004-04-13 00:00:00","Classic Cars",France,21,100.00,2508.66
10253,"2004-06-01 00:00:00","Classic Cars",UK,24,100.00,3374.88
10266,"2004-07-06 00:00:00","Classic Cars",Italy,36,100.00,5196.60
10278,"2004-08-06 00:00:00","Classic Cars",USA,23,100.00,2604.52
10288,"2004-09-01 00:00:00","Classic Cars",Singapore,20,100.00,2936.80
10301,"2003-10-05 00:00:00","Classic Cars",Norway,32,100.00,3424.64
10311,"2004-10-16 00:00:00","Classic Cars",Spain,29,100.00,2923.20
10321,"2004-11-04 00:00:00","Classic Cars",USA,44,100.00,4489.76
10331,"2004-11-17 00:00:00","Classic Cars",USA,44,100.00,4849.24
10343,"2004-11-24 00:00:00","Classic Cars",France,36,100.00,5848.92
10367,"2005-01-12 00:00:00","Classic Cars",USA,49,56.30,2758.70
10378,"2005-02-10 00:00:00","Classic Cars",Spain,34,42.64,1449.76
10407,"2005-04-22 00:00:00","Classic Cars",USA,59,100.00,7048.14
10419,"2005-05-17 00:00:00","Classic Cars",Austria,37,100.00,5202.94
10106,"2003-02-17 00:00:00",Planes,Italy,36,100.00,5279.40
10119,"2003-04-28 00:00:00",Planes,Austria,43,100.00,6916.12
10131,"2003-06-16 00:00:00",Planes,USA,21,100.00,2781.66
10143,"2003-08-10 00:00:00",Planes,USA,32,100.00,5248.00
10155,"2003-10-06 00:00:00",Planes,Finland,38,100.00,6531.44
10167,"2003-10-23 00:00:00",Planes,Sweden,43,100.00,5763.72
10178,"2003-11-08 00:00:00",Planes,France,42,100.00,6490.68
10186,"2003-11-14 00:00:00",Planes,UK,32,100.00,6004.80
10198,"2003-11-27 00:00:00",Planes,Philippines,42,100.00,7483.98
10210,"2004-01-12 00:00:00",Planes,Japan,31,100.00,5719.50
10222,"2004-02-19 00:00:00",Planes,USA,49,100.00,6954.08
10250,"2004-05-11 00:00:00",Planes,USA,45,100.00,8160.30
10262,"2004-06-24 00:00:00",Planes,Spain,49,100.00,6567.96
10274,"2004-07-21 00:00:00",Planes,USA,41,100.00,6724.00
10284,"2004-08-21 00:00:00",Planes,Norway,45,100.00,5747.85
10296,"2004-09-15 00:00:00",Planes,Germany,36,100.00,5676.84
10307,"2004-10-14 00:00:00",Planes,USA,39,100.00,7379.97
10316,"2004-11-01 00:00:00",Planes,UK,27,100.00,3704.13
10327,"2004-11-10 00:00:00",Planes,Denmark,25,100.00,2804.75
10338,"2004-11-22 00:00:00",Planes,Belgium,41,100.00,5624.79
10351,"2004-12-03 00:00:00",Planes,UK,39,99.52,3881.28
10373,"2005-01-31 00:00:00",Planes,Finland,28,57.55,1611.40
10386,"2005-03-01 00:00:00",Planes,Spain,25,54.57,1364.25
10398,"2005-03-30 00:00:00",Planes,France,33,100.00,4215.09
10400,"2005-04-01 00:00:00",Planes,USA,34,100.00,6433.82
10416,"2005-05-10 00:00:00",Planes,Italy,24,100.00,4352.16
10100,"2003-01-06 00:00:00","Vintage Cars",USA,30,100.00,5151.00
10110,"2003-03-18 00:00:00","Vintage Cars",UK,42,100.00,6069.00
10124,"2003-05-21 00:00:00","Vintage Cars",USA,21,100.00,2856.00
10149,"2003-09-12 00:00:00","Vintage Cars",USA,34,100.00,5375.40
10162,"2003-10-18 00:00:00","Vintage Cars",USA,29,100.00,5176.50
10173,"2003-11-05 00:00:00","Vintage Cars",Italy,24,100.00,3508.80
10182,"2003-11-12 00:00:00","Vintage Cars",USA,44,100.00,7554.80
10193,"2003-11-21 00:00:00","Vintage Cars",Australia,21,100.00,3141.60
10204,"2003-12-02 00:00:00","Vintage Cars",USA,33,100.00,5890.50
10214,"2004-01-26 00:00:00","Vintage Cars",Spain,30,100.00,5967.00
10227,"2004-03-02 00:00:00","Vintage Cars",France,26,100.00,3712.80
10241,"2004-04-13 00:00:00","Vintage Cars",France,41,100.00,7597.30
10280,"2004-08-17 00:00:00","Vintage Cars",Italy,26,100.00,3668.60
10288,"2004-09-01 00:00:00","Vintage Cars",Singapore,32,100.00,5875.20
10302,"2003-10-06 00:00:00","Vintage Cars",UK,43,100.00,7310.00
10312,"2004-10-21 00:00:00","Vintage Cars",USA,48,100.00,8078.40
10331,"2004-11-17 00:00:00","Vintage Cars",USA,44,74.04,3257.76
10344,"2004-11-25 00:00:00","Vintage Cars",France,45,100.00,7650.00
10367,"2005-01-12 00:00:00","Vintage Cars",USA,37,100.00,4703.81
10379,"2005-02-10 00:00:00","Vintage Cars",Spain,39,100.00,5399.55
10407,"2005-04-22 00:00:00","Vintage Cars",USA,76,100.00,14082.80
10420,"2005-05-29 00:00:00","Vintage Cars",Australia,37,100.00,5283.60
10108,"2003-03-03 00:00:00","Classic Cars",Philippines,38,82.39,3130.82
10122,"2003-05-08 00:00:00","Classic Cars",France,43,72.38,3112.34
10135,"2003-07-02 00:00:00","Classic Cars",USA,48,79.31,3806.88
10147,"2003-09-05 00:00:00","Classic Cars",USA,26,82.39,2142.14
10160,"2003-10-11 00:00:00","Classic Cars",USA,38,88.55,3364.90
10170,"2003-11-04 00:00:00","Classic Cars",Austria,20,63.14,1262.80
10181,"2003-11-12 00:00:00","Classic Cars",Norway,22,73.92,1626.24
10192,"2003-11-20 00:00:00","Classic Cars",USA,45,90.86,4088.70
10203,"2003-12-02 00:00:00","Classic Cars",Spain,45,85.47,3846.15
10212,"2004-01-16 00:00:00","Classic Cars",Spain,20,66.99,1339.80
10225,"2004-02-22 00:00:00","Classic Cars",Switzerland,47,64.68,3039.96
10239,"2004-04-12 00:00:00","Classic Cars",Finland,46,73.92,3400.32
10253,"2004-06-01 00:00:00","Classic Cars",UK,23,83.93,1930.39
10266,"2004-07-06 00:00:00","Classic Cars",Italy,33,74.69,2464.77
10278,"2004-08-06 00:00:00","Classic Cars",USA,29,90.86,2634.94
10287,"2004-08-30 00:00:00","Classic Cars",Switzerland,44,82.39,3625.16
10300,"2003-10-04 00:00:00","Classic Cars",Germany,41,92.40,3788.40
10310,"2004-10-16 00:00:00","Classic Cars",Germany,20,91.63,1832.60
10321,"2004-11-04 00:00:00","Classic Cars",USA,37,78.54,2905.98
10329,"2004-11-15 00:00:00","Classic Cars",USA,29,100.00,2954.81
10342,"2004-11-24 00:00:00","Classic Cars",Australia,55,65.45,3599.75
10363,"2005-01-06 00:00:00","Classic Cars",Finland,22,100.00,3686.54
10377,"2005-02-09 00:00:00","Classic Cars",Finland,31,67.76,2100.56
10389,"2005-03-03 00:00:00","Classic Cars",Sweden,49,79.22,3881.78
10405,"2005-04-14 00:00:00","Classic Cars",France,61,73.92,4509.12
10419,"2005-05-17 00:00:00","Classic Cars",Austria,39,83.93,3273.27
10109,"2003-03-10 00:00:00","Classic Cars",USA,38,100.00,4432.70
10122,"2003-05-08 00:00:00","Classic Cars",France,31,100.00,4100.99
10136,"2003-07-04 00:00:00","Classic Cars",France,36,100.00,5274.72
10148,"2003-09-11 00:00:00","Classic Cars",Australia,25,100.00,4232.00
10161,"2003-10-17 00:00:00","Classic Cars",Denmark,48,100.00,6145.44
10171,"2003-11-05 00:00:00","Classic Cars",Canada,35,100.00,4680.20
10181,"2003-11-12 00:00:00","Classic Cars",Norway,21,100.00,3286.08
10192,"2003-11-20 00:00:00","Classic Cars",USA,47,100.00,7421.30
10204,"2003-12-02 00:00:00","Classic Cars",USA,38,100.00,6432.64
10212,"2004-01-16 00:00:00","Classic Cars",Spain,41,100.00,4840.87
10226,"2004-02-26 00:00:00","Classic Cars",USA,24,100.00,3892.08
10240,"2004-04-13 00:00:00","Classic Cars",Japan,37,100.00,5526.32
10253,"2004-06-01 00:00:00","Classic Cars",UK,33,100.00,4459.62
10266,"2004-07-06 00:00:00","Classic Cars",Italy,49,100.00,6203.40
10278,"2004-08-06 00:00:00","Classic Cars",USA,29,100.00,3754.05
10287,"2004-08-30 00:00:00","Classic Cars",Switzerland,24,100.00,3516.48
10301,"2003-10-05 00:00:00","Classic Cars",Norway,47,100.00,7488.04
10310,"2004-10-16 00:00:00","Classic Cars",Germany,24,100.00,3448.08
10321,"2004-11-04 00:00:00","Classic Cars",USA,25,100.00,3734.00
10331,"2004-11-17 00:00:00","Classic Cars",USA,30,32.47,974.10
10342,"2004-11-24 00:00:00","Classic Cars",Australia,22,100.00,3160.74
10356,"2004-12-09 00:00:00","Classic Cars",France,27,64.69,1746.63
10366,"2005-01-10 00:00:00","Classic Cars",Belgium,34,100.00,4207.84
10377,"2005-02-09 00:00:00","Classic Cars",Finland,36,100.00,4352.76
10390,"2005-03-04 00:00:00","Classic Cars",USA,34,43.05,1463.70
10406,"2005-04-15 00:00:00","Classic Cars",Denmark,48,100.00,7169.28
10419,"2005-05-17 00:00:00","Classic Cars",Austria,34,100.00,4594.76
10104,"2003-01-31 00:00:00","Classic Cars",Spain,24,100.00,3457.92
10115,"2003-04-04 00:00:00","Classic Cars",USA,46,100.00,7381.16
10127,"2003-06-03 00:00:00","Classic Cars",USA,45,100.00,7146.90
10141,"2003-08-01 00:00:00","Classic Cars",Finland,39,100.00,5938.53
10151,"2003-09-21 00:00:00","Classic Cars",Finland,43,100.00,7110.91
10165,"2003-10-22 00:00:00","Classic Cars",Singapore,29,100.00,5032.95
10176,"2003-11-06 00:00:00","Classic Cars",Italy,20,100.00,3667.60
10184,"2003-11-14 00:00:00","Classic Cars",Spain,46,100.00,7381.16
10195,"2003-11-25 00:00:00","Classic Cars",USA,27,100.00,5128.11
10207,"2003-12-09 00:00:00","Classic Cars",USA,44,100.00,7060.24
10219,"2004-02-10 00:00:00","Classic Cars",USA,43,100.00,8448.64
10230,"2004-03-15 00:00:00","Classic Cars",Germany,49,100.00,7300.51
10246,"2004-05-05 00:00:00","Classic Cars",Spain,40,100.00,6549.20
10259,"2004-06-15 00:00:00","Classic Cars",Singapore,30,100.00,5697.90
10271,"2004-07-20 00:00:00","Classic Cars",USA,50,100.00,9169.00
10282,"2004-08-20 00:00:00","Classic Cars",USA,23,100.00,3238.63
10292,"2004-09-08 00:00:00","Classic Cars",USA,26,100.00,4554.94
10305,"2004-10-13 00:00:00","Classic Cars",USA,27,100.00,3934.44
10314,"2004-10-22 00:00:00","Classic Cars",Denmark,42,100.00,5776.26
10324,"2004-11-05 00:00:00","Classic Cars",USA,47,100.00,7207.45
10336,"2004-11-20 00:00:00","Classic Cars",France,49,100.00,7460.74
10349,"2004-12-01 00:00:00","Classic Cars",USA,38,100.00,6719.54
10358,"2004-12-10 00:00:00","Classic Cars",Spain,20,100.00,2428.00
10371,"2005-01-23 00:00:00","Classic Cars",USA,25,100.00,2602.25
10382,"2005-02-17 00:00:00","Classic Cars",USA,25,88.00,2200.00
10412,"2005-05-03 00:00:00","Classic Cars",Spain,41,100.00,6712.93
10425,"2005-05-31 00:00:00","Classic Cars",France,28,100.00,5318.04
10100,"2003-01-06 00:00:00","Vintage Cars",USA,50,67.80,3390.00
10110,"2003-03-18 00:00:00","Vintage Cars",UK,32,50.25,1608.00
10124,"2003-05-21 00:00:00","Vintage Cars",USA,42,53.88,2262.96
10149,"2003-09-12 00:00:00","Vintage Cars",USA,24,62.36,1496.64
10162,"2003-10-18 00:00:00","Vintage Cars",USA,27,69.62,1879.74
10173,"2003-11-05 00:00:00","Vintage Cars",Italy,26,57.51,1495.26
10182,"2003-11-12 00:00:00","Vintage Cars",USA,38,61.15,2323.70
10193,"2003-11-21 00:00:00","Vintage Cars",Australia,42,59.33,2491.86
10204,"2003-12-02 00:00:00","Vintage Cars",USA,23,71.44,1643.12
10214,"2004-01-26 00:00:00","Vintage Cars",Spain,21,62.96,1322.16
10227,"2004-03-02 00:00:00","Vintage Cars",France,28,50.85,1423.80
10241,"2004-04-13 00:00:00","Vintage Cars",France,33,72.65,2397.45
10280,"2004-08-17 00:00:00","Vintage Cars",Italy,25,62.96,1574.00
10288,"2004-09-01 00:00:00","Vintage Cars",Singapore,28,61.75,1729.00
10303,"2004-10-06 00:00:00","Vintage Cars",Spain,46,49.04,2255.84
10312,"2004-10-21 00:00:00","Vintage Cars",USA,30,61.15,1834.50
10332,"2004-11-17 00:00:00","Vintage Cars",UK,38,84.25,3201.50
10344,"2004-11-25 00:00:00","Vintage Cars",France,40,56.91,2276.40
10367,"2005-01-12 00:00:00","Vintage Cars",USA,45,100.00,8884.80
10379,"2005-02-10 00:00:00","Vintage Cars",Spain,27,49.30,1331.10
10407,"2005-04-22 00:00:00","Vintage Cars",USA,42,72.65,3051.30
10420,"2005-05-29 00:00:00","Vintage Cars",Australia,36,63.57,2288.52
10104,"2003-01-31 00:00:00","Trucks and Buses",Spain,29,100.00,3772.61
10114,"2003-04-01 00:00:00","Trucks and Buses",France,39,100.00,4164.42
10127,"2003-06-03 00:00:00","Trucks and Buses",USA,45,100.00,6295.95
10141,"2003-08-01 00:00:00","Trucks and Buses",Finland,47,100.00,6287.66
10151,"2003-09-21 00:00:00","Trucks and Buses",Finland,49,100.00,5412.54
10165,"2003-10-22 00:00:00","Trucks and Buses",Singapore,46,100.00,5984.14
10175,"2003-11-06 00:00:00","Trucks and Buses",UK,48,100.00,5891.04
10184,"2003-11-14 00:00:00","Trucks and Buses",Spain,46,100.00,5984.14
10195,"2003-11-25 00:00:00","Trucks and Buses",USA,35,100.00,3608.15
10207,"2003-12-09 00:00:00","Trucks and Buses",USA,43,100.00,5752.54
10229,"2004-03-11 00:00:00","Trucks and Buses",USA,26,100.00,3765.32
10246,"2004-05-05 00:00:00","Trucks and Buses",Spain,22,98.18,2159.96
10259,"2004-06-15 00:00:00","Trucks and Buses",Singapore,34,99.41,3379.94
10271,"2004-07-20 00:00:00","Trucks and Buses",USA,50,100.00,5093.50
10281,"2004-08-19 00:00:00","Trucks and Buses",USA,48,100.00,5773.44
10292,"2004-09-08 00:00:00","Trucks and Buses",USA,41,100.00,4528.86
10305,"2004-10-13 00:00:00","Trucks and Buses",USA,36,100.00,4816.08
10313,"2004-10-22 00:00:00","Trucks and Buses",Canada,29,100.00,3416.78
10324,"2004-11-05 00:00:00","Trucks and Buses",USA,33,37.48,1236.84
10334,"2004-11-19 00:00:00","Trucks and Buses",Sweden,46,100.00,5814.86
10349,"2004-12-01 00:00:00","Trucks and Buses",USA,38,100.00,5223.48
10358,"2004-12-10 00:00:00","Trucks and Buses",Spain,20,36.42,728.40
10370,"2005-01-20 00:00:00","Trucks and Buses",Australia,22,100.00,3949.00
10383,"2005-02-22 00:00:00","Trucks and Buses",Spain,27,100.00,3843.99
10412,"2005-05-03 00:00:00","Trucks and Buses",Spain,56,98.18,5498.08
10425,"2005-05-31 00:00:00","Trucks and Buses",France,38,99.41,3777.58
10101,"2003-01-09 00:00:00","Vintage Cars",Germany,25,100.00,3782.00
10110,"2003-03-18 00:00:00","Vintage Cars",UK,33,100.00,3859.68
10124,"2003-05-21 00:00:00","Vintage Cars",USA,42,100.00,4431.84
10149,"2003-09-12 00:00:00","Vintage Cars",USA,33,100.00,4950.33
10162,"2003-10-18 00:00:00","Vintage Cars",USA,38,100.00,4299.70
10173,"2003-11-05 00:00:00","Vintage Cars",Italy,31,100.00,4492.83
10182,"2003-11-12 00:00:00","Vintage Cars",USA,20,100.00,2212.00
10193,"2003-11-21 00:00:00","Vintage Cars",Australia,44,100.00,4642.88
10204,"2003-12-02 00:00:00","Vintage Cars",USA,26,100.00,3206.32
10214,"2004-01-26 00:00:00","Vintage Cars",Spain,27,100.00,3604.23
10227,"2004-03-02 00:00:00","Vintage Cars",France,46,100.00,7017.76
10243,"2004-04-26 00:00:00","Vintage Cars",USA,47,100.00,6154.18
10280,"2004-08-17 00:00:00","Vintage Cars",Italy,37,100.00,4750.80
10288,"2004-09-01 00:00:00","Vintage Cars",Singapore,31,100.00,3822.92
10304,"2004-10-11 00:00:00","Vintage Cars",France,24,100.00,2440.80
10312,"2004-10-21 00:00:00","Vintage Cars",USA,31,100.00,4729.36
10322,"2004-11-04 00:00:00","Vintage Cars",USA,50,100.00,12536.50
10332,"2004-11-17 00:00:00","Vintage Cars",UK,35,64.69,2264.15
10344,"2004-11-25 00:00:00","Vintage Cars",France,30,100.00,3928.20
10356,"2004-12-09 00:00:00","Vintage Cars",France,29,100.00,3630.22
10367,"2005-01-12 00:00:00","Vintage Cars",USA,27,100.00,4196.07
10380,"2005-02-16 00:00:00","Vintage Cars",Spain,40,100.00,4931.60
10390,"2005-03-04 00:00:00","Vintage Cars",USA,31,98.99,3068.69
10409,"2005-04-23 00:00:00","Vintage Cars",Singapore,6,100.00,785.64
10420,"2005-05-29 00:00:00","Vintage Cars",Australia,45,100.00,4977.00
10103,"2003-01-29 00:00:00","Trucks and Buses",Norway,22,54.09,1189.98
10114,"2003-04-01 00:00:00","Trucks and Buses",France,45,68.67,3090.15
10126,"2003-05-28 00:00:00","Trucks and Buses",Spain,43,65.02,2795.86
10140,"2003-07-24 00:00:00","Trucks and Buses",USA,46,61.99,2851.54
10151,"2003-09-21 00:00:00","Trucks and Buses",Finland,39,69.28,2701.92
10165,"2003-10-22 00:00:00","Trucks and Buses",Singapore,31,71.10,2204.10
10175,"2003-11-06 00:00:00","Trucks and Buses",UK,41,69.28,2840.48
10184,"2003-11-14 00:00:00","Trucks and Buses",Spain,44,60.16,2647.04
10194,"2003-11-25 00:00:00","Trucks and Buses",France,45,70.49,3172.05
10207,"2003-12-09 00:00:00","Trucks and Buses",USA,37,69.89,2585.93
10217,"2004-02-04 00:00:00","Trucks and Buses",Singapore,35,61.38,2148.30
10229,"2004-03-11 00:00:00","Trucks and Buses",USA,28,59.55,1667.40
10246,"2004-05-05 00:00:00","Trucks and Buses",Spain,30,61.99,1859.70
10259,"2004-06-15 00:00:00","Trucks and Buses",Singapore,30,49.22,1476.60
10271,"2004-07-20 00:00:00","Trucks and Buses",USA,25,69.28,1732.00
10281,"2004-08-19 00:00:00","Trucks and Buses",USA,29,57.73,1674.17
10291,"2004-09-08 00:00:00","Trucks and Buses",Sweden,26,57.73,1500.98
10305,"2004-10-13 00:00:00","Trucks and Buses",USA,41,53.48,2192.68
10313,"2004-10-22 00:00:00","Trucks and Buses",Canada,34,52.87,1797.58
10322,"2004-11-04 00:00:00","Trucks and Buses",USA,35,61.21,2142.35
10334,"2004-11-19 00:00:00","Trucks and Buses",Sweden,34,61.38,2086.92
10347,"2004-11-29 00:00:00","Trucks and Buses",Australia,50,100.00,6834.50
10357,"2004-12-10 00:00:00","Trucks and Buses",USA,41,61.99,2541.59
10370,"2005-01-20 00:00:00","Trucks and Buses",Australia,22,96.86,2130.92
10381,"2005-02-17 00:00:00","Trucks and Buses",USA,35,48.62,1701.70
10391,"2005-03-09 00:00:00","Trucks and Buses",Australia,44,38.50,1694.00
10412,"2005-05-03 00:00:00","Trucks and Buses",Spain,47,61.99,2913.53
10425,"2005-05-31 00:00:00","Trucks and Buses",France,19,49.22,935.18
10106,"2003-02-17 00:00:00",Planes,Italy,34,90.39,3073.26
10120,"2003-04-29 00:00:00",Planes,Australia,29,71.81,2082.49
10133,"2003-06-27 00:00:00",Planes,Spain,49,69.27,3394.23
10145,"2003-08-25 00:00:00",Planes,USA,30,85.32,2559.60
10168,"2003-10-28 00:00:00",Planes,USA,21,70.96,1490.16
10210,"2004-01-12 00:00:00",Planes,Japan,50,76.88,3844.00
10223,"2004-02-20 00:00:00",Planes,Australia,47,100.00,4724.91
10235,"2004-04-02 00:00:00",Planes,Canada,24,76.03,1824.72
10250,"2004-05-11 00:00:00",Planes,USA,27,98.84,2668.68
10263,"2004-06-28 00:00:00",Planes,USA,33,86.17,2843.61
10275,"2004-07-23 00:00:00",Planes,France,35,90.39,3163.65
10284,"2004-08-21 00:00:00",Planes,Norway,31,71.81,2226.11
10297,"2004-09-16 00:00:00",Planes,Ireland,25,82.79,2069.75
10308,"2004-10-15 00:00:00",Planes,USA,27,82.79,2235.33
10318,"2004-11-02 00:00:00",Planes,USA,31,100.00,3116.43
10327,"2004-11-10 00:00:00",Planes,Denmark,45,100.00,4781.70
10339,"2004-11-23 00:00:00",Planes,Japan,27,100.00,2810.70
10353,"2004-12-04 00:00:00",Planes,USA,27,100.00,3515.67
10374,"2005-02-02 00:00:00",Planes,Australia,42,69.27,2909.34
10386,"2005-03-01 00:00:00",Planes,Spain,21,74.77,1570.17
10398,"2005-03-30 00:00:00",Planes,France,34,76.88,2613.92
10401,"2005-04-03 00:00:00",Planes,USA,42,76.03,3193.26
10416,"2005-05-10 00:00:00",Planes,Italy,15,98.84,1482.60
10107,"2003-02-24 00:00:00",Motorcycles,USA,29,70.87,2055.23
10120,"2003-04-29 00:00:00",Motorcycles,Australia,46,58.15,2674.90
10134,"2003-07-01 00:00:00",Motorcycles,France,30,61.78,1853.40
10145,"2003-08-25 00:00:00",Motorcycles,USA,30,49.67,1490.10
10159,"2003-10-10 00:00:00",Motorcycles,USA,42,51.48,2162.16
10168,"2003-10-28 00:00:00",Motorcycles,USA,46,61.18,2814.28
10180,"2003-11-11 00:00:00",Motorcycles,France,25,64.20,1605.00
10188,"2003-11-18 00:00:00",Motorcycles,Norway,32,65.42,2093.44
10201,"2003-12-01 00:00:00",Motorcycles,USA,30,64.81,1944.30
10210,"2004-01-12 00:00:00",Motorcycles,Japan,40,49.67,1986.80
10223,"2004-02-20 00:00:00",Motorcycles,Australia,28,60.57,1695.96
10236,"2004-04-03 00:00:00",Motorcycles,USA,23,55.72,1281.56
10251,"2004-05-18 00:00:00",Motorcycles,USA,29,61.18,1774.22
10263,"2004-06-28 00:00:00",Motorcycles,USA,34,58.75,1997.50
10275,"2004-07-23 00:00:00",Motorcycles,France,37,63.60,2353.20
10285,"2004-08-27 00:00:00",Motorcycles,USA,20,49.06,981.20
10298,"2004-09-27 00:00:00",Motorcycles,France,32,48.46,1550.72
10308,"2004-10-15 00:00:00",Motorcycles,USA,34,52.09,1771.06
10318,"2004-11-02 00:00:00",Motorcycles,USA,42,52.70,2213.40
10329,"2004-11-15 00:00:00",Motorcycles,USA,38,100.00,5266.04
10339,"2004-11-23 00:00:00",Motorcycles,Japan,30,62.16,1864.80
10362,"2005-01-05 00:00:00",Motorcycles,USA,23,49.67,1142.41
10374,"2005-02-02 00:00:00",Motorcycles,Australia,22,53.30,1172.60
10389,"2005-03-03 00:00:00",Motorcycles,Sweden,39,100.00,6981.00
10402,"2005-04-07 00:00:00",Motorcycles,France,55,55.72,3064.60
10417,"2005-05-13 00:00:00",Motorcycles,Spain,36,61.18,2202.48
10101,"2003-01-09 00:00:00","Vintage Cars",Germany,26,100.00,3773.38
10110,"2003-03-18 00:00:00","Vintage Cars",UK,31,100.00,5074.39
10125,"2003-05-21 00:00:00","Vintage Cars",Australia,34,100.00,6483.46
10139,"2003-07-16 00:00:00","Vintage Cars",Australia,41,100.00,7956.46
10149,"2003-09-12 00:00:00","Vintage Cars",USA,23,100.00,4230.62
10162,"2003-10-18 00:00:00","Vintage Cars",USA,48,100.00,7209.12
10173,"2003-11-05 00:00:00","Vintage Cars",Italy,22,100.00,3452.68
10182,"2003-11-12 00:00:00","Vintage Cars",USA,21,100.00,3047.73
10193,"2003-11-21 00:00:00","Vintage Cars",Australia,22,100.00,3675.32
10205,"2003-12-03 00:00:00","Vintage Cars",Spain,40,100.00,7492.40
10214,"2004-01-26 00:00:00","Vintage Cars",Spain,50,100.00,9534.50
10227,"2004-03-02 00:00:00","Vintage Cars",France,29,100.00,5579.02
10244,"2004-04-29 00:00:00","Vintage Cars",Spain,43,100.00,5950.34
10255,"2004-06-04 00:00:00","Vintage Cars",France,24,100.00,3726.00
10280,"2004-08-17 00:00:00","Vintage Cars",Italy,22,100.00,4455.00
10289,"2004-09-03 00:00:00","Vintage Cars",Norway,43,100.00,8272.34
10304,"2004-10-11 00:00:00","Vintage Cars",France,20,100.00,3577.60
10312,"2004-10-21 00:00:00","Vintage Cars",USA,25,100.00,3881.25
10322,"2004-11-04 00:00:00","Vintage Cars",USA,36,100.00,5797.44
10332,"2004-11-17 00:00:00","Vintage Cars",UK,24,52.67,1264.08
10347,"2004-11-29 00:00:00","Vintage Cars",Australia,21,100.00,4815.30
10356,"2004-12-09 00:00:00","Vintage Cars",France,30,100.00,4462.20
10367,"2005-01-12 00:00:00","Vintage Cars",USA,32,94.79,3033.28
10380,"2005-02-16 00:00:00","Vintage Cars",Spain,21,47.18,990.78
10390,"2005-03-04 00:00:00","Vintage Cars",USA,26,78.11,2030.86
10421,"2005-05-29 00:00:00","Vintage Cars",USA,35,100.00,5433.75
10109,"2003-03-10 00:00:00","Classic Cars",USA,26,100.00,3157.44
10123,"2003-05-20 00:00:00","Classic Cars",France,46,100.00,5161.20
10137,"2003-07-10 00:00:00","Classic Cars",France,37,100.00,4346.76
10148,"2003-09-11 00:00:00","Classic Cars",Australia,27,100.00,3528.36
10161,"2003-10-17 00:00:00","Classic Cars",Denmark,23,100.00,3187.80
10172,"2003-11-05 00:00:00","Classic Cars",USA,39,100.00,6023.16
10181,"2003-11-12 00:00:00","Classic Cars",Norway,27,100.00,3884.76
10192,"2003-11-20 00:00:00","Classic Cars",USA,38,100.00,4965.84
10204,"2003-12-02 00:00:00","Classic Cars",USA,27,100.00,4169.88
10212,"2004-01-16 00:00:00","Classic Cars",Spain,40,100.00,4910.40
10226,"2004-02-26 00:00:00","Classic Cars",USA,24,100.00,3231.36
10241,"2004-04-13 00:00:00","Classic Cars",France,44,100.00,6853.44
10253,"2004-06-01 00:00:00","Classic Cars",UK,37,100.00,5177.04
10266,"2004-07-06 00:00:00","Classic Cars",Italy,20,100.00,2824.80
10278,"2004-08-06 00:00:00","Classic Cars",USA,39,100.00,4324.32
10287,"2004-08-30 00:00:00","Classic Cars",Switzerland,44,100.00,5052.96
10301,"2003-10-05 00:00:00","Classic Cars",Norway,22,100.00,3223.44
10311,"2004-10-16 00:00:00","Classic Cars",Spain,43,100.00,5278.68
10321,"2004-11-04 00:00:00","Classic Cars",USA,27,100.00,2851.20
10331,"2004-11-17 00:00:00","Classic Cars",USA,26,64.90,1687.40
10343,"2004-11-24 00:00:00","Classic Cars",France,25,52.32,1308.00
10366,"2005-01-10 00:00:00","Classic Cars",Belgium,49,100.00,6144.60
10379,"2005-02-10 00:00:00","Classic Cars",Spain,29,100.00,5127.20
10407,"2005-04-22 00:00:00","Classic Cars",USA,41,100.00,6386.16
10419,"2005-05-17 00:00:00","Classic Cars",Austria,55,100.00,7695.60
10103,"2003-01-29 00:00:00","Vintage Cars",Norway,27,83.07,2242.89
10112,"2003-03-24 00:00:00","Vintage Cars",Sweden,23,100.00,2539.89
10126,"2003-05-28 00:00:00","Vintage Cars",Spain,31,90.17,2795.27
10139,"2003-07-16 00:00:00","Vintage Cars",Australia,46,100.00,5545.76
10150,"2003-09-19 00:00:00","Vintage Cars",Singapore,47,91.18,4285.46
10163,"2003-10-20 00:00:00","Vintage Cars",USA,31,100.00,3329.09
10174,"2003-11-06 00:00:00","Vintage Cars",Australia,46,100.00,5592.22
10183,"2003-11-13 00:00:00","Vintage Cars",USA,37,89.15,3298.55
10193,"2003-11-21 00:00:00","Vintage Cars",Australia,28,93.21,2609.88
10206,"2003-12-05 00:00:00","Vintage Cars",Canada,37,90.17,3336.29
10215,"2004-01-29 00:00:00","Vintage Cars",USA,49,100.00,5510.05
10228,"2004-03-10 00:00:00","Vintage Cars",USA,24,100.00,2504.40
10244,"2004-04-29 00:00:00","Vintage Cars",Spain,30,100.00,3525.60
10257,"2004-06-14 00:00:00","Vintage Cars",USA,50,88.14,4407.00
10270,"2004-07-19 00:00:00","Vintage Cars",Australia,31,96.24,2983.44
10280,"2004-08-17 00:00:00","Vintage Cars",Italy,46,100.00,5126.24
10291,"2004-09-08 00:00:00","Vintage Cars",Sweden,47,100.00,5713.79
10304,"2004-10-11 00:00:00","Vintage Cars",France,46,100.00,4613.80
10312,"2004-10-21 00:00:00","Vintage Cars",USA,37,100.00,3711.10
10322,"2004-11-04 00:00:00","Vintage Cars",USA,33,100.00,3524.73
10333,"2004-11-18 00:00:00","Vintage Cars",USA,31,90.17,2795.27
10347,"2004-11-29 00:00:00","Vintage Cars",Australia,48,100.00,4814.40
10357,"2004-12-10 00:00:00","Vintage Cars",USA,41,87.13,3572.33
10369,"2005-01-20 00:00:00","Vintage Cars",USA,42,100.00,4581.36
10381,"2005-02-17 00:00:00","Vintage Cars",USA,41,100.00,4319.76
10391,"2005-03-09 00:00:00","Vintage Cars",Australia,32,45.25,1448.00
10423,"2005-05-30 00:00:00","Vintage Cars",Belgium,10,88.14,881.40
10103,"2003-01-29 00:00:00","Vintage Cars",Norway,35,57.46,2011.10
10111,"2003-03-25 00:00:00","Vintage Cars",USA,28,64.33,1801.24
10126,"2003-05-28 00:00:00","Vintage Cars",Spain,46,73.70,3390.20
10139,"2003-07-16 00:00:00","Vintage Cars",Australia,20,71.20,1424.00
10150,"2003-09-19 00:00:00","Vintage Cars",Singapore,30,49.97,1499.10
10163,"2003-10-20 00:00:00","Vintage Cars",USA,48,69.96,3358.08
10173,"2003-11-05 00:00:00","Vintage Cars",Italy,28,53.72,1504.16
10183,"2003-11-13 00:00:00","Vintage Cars",USA,39,68.08,2655.12
10193,"2003-11-21 00:00:00","Vintage Cars",Australia,24,51.84,1244.16
10206,"2003-12-05 00:00:00","Vintage Cars",Canada,28,67.46,1888.88
10215,"2004-01-29 00:00:00","Vintage Cars",USA,31,58.71,1820.01
10228,"2004-03-10 00:00:00","Vintage Cars",USA,45,63.71,2866.95
10244,"2004-04-29 00:00:00","Vintage Cars",Spain,24,58.09,1394.16
10257,"2004-06-14 00:00:00","Vintage Cars",USA,49,53.72,2632.28
10269,"2004-07-16 00:00:00","Vintage Cars",Austria,32,63.08,2018.56
10280,"2004-08-17 00:00:00","Vintage Cars",Italy,43,68.71,2954.53
10291,"2004-09-08 00:00:00","Vintage Cars",Sweden,37,50.59,1871.83
10304,"2004-10-11 00:00:00","Vintage Cars",France,24,64.96,1559.04
10312,"2004-10-21 00:00:00","Vintage Cars",USA,35,53.72,1880.20
10322,"2004-11-04 00:00:00","Vintage Cars",USA,41,29.87,1224.67
10332,"2004-11-17 00:00:00","Vintage Cars",UK,26,100.00,2979.08
10347,"2004-11-29 00:00:00","Vintage Cars",Australia,34,64.96,2208.64
10357,"2004-12-10 00:00:00","Vintage Cars",USA,49,70.58,3458.42
10369,"2005-01-20 00:00:00","Vintage Cars",USA,28,44.21,1237.88
10381,"2005-02-17 00:00:00","Vintage Cars",USA,40,68.08,2723.20
10392,"2005-03-10 00:00:00","Vintage Cars",Austria,37,59.96,2218.52
10423,"2005-05-30 00:00:00","Vintage Cars",Belgium,31,53.72,1665.32
10106,"2003-02-17 00:00:00",Ships,Italy,41,83.44,3421.04
10119,"2003-04-28 00:00:00",Ships,Austria,21,89.46,1878.66
10130,"2003-06-16 00:00:00",Ships,USA,40,96.34,3853.60
10143,"2003-08-10 00:00:00",Ships,USA,46,74.84,3442.64
10155,"2003-10-06 00:00:00",Ships,Finland,44,79.14,3482.16
10167,"2003-10-23 00:00:00",Ships,Sweden,46,73.12,3363.52
10178,"2003-11-08 00:00:00",Ships,France,41,81.72,3350.52
10186,"2003-11-14 00:00:00",Ships,UK,32,89.46,2862.72
10197,"2003-11-26 00:00:00",Ships,Spain,46,87.74,4036.04
10209,"2004-01-09 00:00:00",Ships,USA,28,100.00,2817.92
10222,"2004-02-19 00:00:00",Ships,USA,49,94.62,4636.38
10248,"2004-05-07 00:00:00",Ships,USA,21,73.98,1553.58
10262,"2004-06-24 00:00:00",Ships,Spain,32,84.30,2697.60
10273,"2004-07-21 00:00:00",Ships,Belgium,34,98.06,3334.04
10283,"2004-08-20 00:00:00",Ships,Canada,21,98.06,2059.26
10296,"2004-09-15 00:00:00",Ships,Germany,21,96.34,2023.14
10307,"2004-10-14 00:00:00",Ships,USA,31,83.44,2586.64
10316,"2004-11-01 00:00:00",Ships,UK,21,94.62,1987.02
10327,"2004-11-10 00:00:00",Ships,Denmark,25,45.86,1146.50
10338,"2004-11-22 00:00:00",Ships,Belgium,28,82.58,2312.24
10350,"2004-12-02 00:00:00",Ships,Spain,43,64.97,2793.71
10373,"2005-01-31 00:00:00",Ships,Finland,22,86.74,1908.28
10386,"2005-03-01 00:00:00",Ships,Spain,37,93.01,3441.37
10398,"2005-03-30 00:00:00",Ships,France,28,72.26,2023.28
10400,"2005-04-01 00:00:00",Ships,USA,30,74.84,2245.20
10414,"2005-05-06 00:00:00",Ships,USA,44,73.98,3255.12
10103,"2003-01-29 00:00:00","Vintage Cars",Norway,25,100.00,2539.50
10111,"2003-03-25 00:00:00","Vintage Cars",USA,43,100.00,4818.15
10126,"2003-05-28 00:00:00","Vintage Cars",Spain,30,97.39,2921.70
10139,"2003-07-16 00:00:00","Vintage Cars",Australia,20,90.06,1801.20
10150,"2003-09-19 00:00:00","Vintage Cars",Singapore,26,100.00,2804.36
10163,"2003-10-20 00:00:00","Vintage Cars",USA,40,100.00,4900.80
10173,"2003-11-05 00:00:00","Vintage Cars",Italy,31,89.01,2759.31
10183,"2003-11-13 00:00:00","Vintage Cars",USA,22,100.00,2488.20
10193,"2003-11-21 00:00:00","Vintage Cars",Australia,23,100.00,2769.89
10206,"2003-12-05 00:00:00","Vintage Cars",Canada,30,100.00,3581.40
10215,"2004-01-29 00:00:00","Vintage Cars",USA,49,100.00,5285.14
10228,"2004-03-10 00:00:00","Vintage Cars",USA,31,100.00,3181.53
10244,"2004-04-29 00:00:00","Vintage Cars",Spain,29,100.00,3340.51
10257,"2004-06-14 00:00:00","Vintage Cars",USA,37,84.82,3138.34
10270,"2004-07-19 00:00:00","Vintage Cars",Australia,38,100.00,4775.08
10280,"2004-08-17 00:00:00","Vintage Cars",Italy,29,100.00,3006.43
10291,"2004-09-08 00:00:00","Vintage Cars",Sweden,23,100.00,2866.26
10304,"2004-10-11 00:00:00","Vintage Cars",France,26,85.87,2232.62
10312,"2004-10-21 00:00:00","Vintage Cars",USA,38,100.00,4457.02
10322,"2004-11-04 00:00:00","Vintage Cars",USA,48,47.04,2257.92
10332,"2004-11-17 00:00:00","Vintage Cars",UK,40,39.80,1592.00
10347,"2004-11-29 00:00:00","Vintage Cars",Australia,45,100.00,4948.20
10357,"2004-12-10 00:00:00","Vintage Cars",USA,44,100.00,5160.76
10369,"2005-01-20 00:00:00","Vintage Cars",USA,21,94.22,1978.62
10381,"2005-02-17 00:00:00","Vintage Cars",USA,35,100.00,4288.20
10392,"2005-03-10 00:00:00","Vintage Cars",Austria,29,86.92,2520.68
10423,"2005-05-30 00:00:00","Vintage Cars",Belgium,21,84.82,1781.22
10105,"2003-02-11 00:00:00","Vintage Cars",Denmark,22,100.00,3065.04
10117,"2003-04-16 00:00:00","Vintage Cars",Singapore,26,100.00,3551.34
10128,"2003-06-06 00:00:00","Vintage Cars",Spain,41,100.00,5544.02
10142,"2003-08-08 00:00:00","Vintage Cars",USA,47,100.00,6034.33
10153,"2003-09-28 00:00:00","Vintage Cars",Spain,31,100.00,3641.57
10166,"2003-10-21 00:00:00","Vintage Cars",USA,43,100.00,6930.74
10177,"2003-11-07 00:00:00","Vintage Cars",Spain,23,100.00,3675.63
10185,"2003-11-14 00:00:00","Vintage Cars",USA,28,100.00,3442.04
10196,"2003-11-26 00:00:00","Vintage Cars",USA,49,100.00,6893.81
10208,"2004-01-02 00:00:00","Vintage Cars",France,24,100.00,2622.48
10221,"2004-02-18 00:00:00","Vintage Cars",Belgium,33,100.00,4417.38
10232,"2004-03-20 00:00:00","Vintage Cars",UK,22,100.00,3606.02
